{"(4.0, 4.0, 10.0, 10.0)": 365111.7540659023, "(4.799603622475375, 1.5491348399426943, 12.356292003273234, 16.93700315892974)": 367130.9444872533, "(2.730413241836189, 0.889801834962223, 8.510986703590408, 11.674172222780438)": 364043.46368975716, "(0.9429142257394508, 5.242018936295938, 3.676938948325203, 19.439975445336497)": 371488.4225885894, "(5.637460983192927, 0.10615225014401321, 14.906538711494612, 17.349630192554333)": 368765.0590123826, "(3.7087536468808584, 0.15582381123576752, 3.276749100496989, 15.495493205167785)": 372098.5631140828, "(2.459179733120008, 0.468658739387562, 14.685066226097513, 9.655426808606085)": 369011.5846453619, "(0.6345779637436428, 4.985249473731391, 7.589543895205955, 24.66461771613577)": 365936.1953816455, "(2.8539010701630825, 6.893529213216934, 11.163690463053358, 14.009985039390862)": 367686.9324364968, "(0.17826327084321253, 7.5433938699103384, 9.759458614146473, 12.708330050798324)": 367837.6009513066, "(0.19420088809926378, 1.9240612224149776, 5.892305592312141, 18.665270376509167)": 366414.8329493578, "(3.051875926733665, 0.9150894844697879, 8.559142623081808, 12.04674529156311)": 364148.54263490124, "(6.0, 1.2314289967415508, 8.619763438482291, 25.0)": 367872.99172332505, "(6.0, 0.1, 8.75582230905015, 5.0)": 356567.4141043574, "(6.0, 7.333313481664775, 7.073639021501174, 5.0)": 360699.6938636566, "(6.0, 8.0, 8.302107745697567, 5.0)": 363522.42375433224, "(6.0, 0.1, 8.716179034864382, 5.0)": 356534.71859457507, "(6.0, 0.1, 8.594280664917472, 5.0)": 356135.530093311, "(6.0, 0.1, 8.315471211541132, 5.0)": 355741.1227311033, "(6.0, 0.1, 8.118743635965624, 5.0)": 355342.5953062183, "(6.0, 0.1, 7.751636809922422, 5.0)": 354097.801271564, "(6.0, 0.1, 5.592322460975933, 5.0)": 354914.8251782296, "(6.0, 0.1, 7.078324126506693, 5.0)": 353888.86448312184, "(6.0, 0.1, 6.896721704687656, 5.0)": 354128.6539635063, "(6.0, 0.1, 6.880465674367864, 5.0)": 354107.1698728907, "(3.4345170264327702, 0.1, 6.886065561240337, 5.0)": 354559.97804475646, "(6.0, 0.1, 3.0, 5.0)": 357905.9588763372, "(6.0, 0.1, 6.9248600785038645, 5.0)": 353959.26745515, "(0.1, 8.0, 15.0, 25.0)": 368238.046729779, "(6.0, 0.1, 6.915091740280955, 5.0)": 353975.9965653607}