{
  "incline_weight": 2.2845804889825976,
  "max_incline_weight": 0.889801834962223,
  "distance_weight": 5.296244459829336,
  "zero_start_weight": 15.005629167085328
}
