{
  "incline_weight": 0.1,
  "max_incline_weight": 3.2126752521839035,
  "distance_weight": 4.755819765810573,
  "zero_start_weight": 5.0
}