{"(4.0, 4.0, 10.0, 10.0)": 337433.10331709275, "(4.799603622475375, 1.5491348399426943, 12.356292003273234, 16.93700315892974)": 337826.2337237885, "(2.730413241836189, 0.889801834962223, 8.510986703590408, 11.674172222780438)": 337266.46647560404, "(0.9429142257394508, 5.242018936295938, 3.676938948325203, 19.439975445336497)": 339009.6273867779, "(5.637460983192927, 0.10615225014401321, 14.906538711494612, 17.349630192554333)": 340165.3327095186, "(3.7087536468808584, 0.15582381123576752, 3.276749100496989, 15.495493205167785)": 341338.055284799, "(2.459179733120008, 0.468658739387562, 14.685066226097513, 9.655426808606085)": 342829.83542410936, "(0.6345779637436428, 4.985249473731391, 7.589543895205955, 24.66461771613577)": 336430.0848304437, "(2.8539010701630825, 6.893529213216934, 11.163690463053358, 14.009985039390862)": 338342.82425020786, "(0.17826327084321253, 7.5433938699103384, 9.759458614146473, 12.708330050798324)": 339228.3986227968, "(0.19420088809926378, 1.9240612224149776, 5.892305592312141, 18.665270376509167)": 336132.25817609334, "(0.17512206280896914, 2.0740775248899053, 5.988492526868743, 19.324151195073668)": 336046.8350883835, "(0.1, 6.431680831118377, 6.589287890689401, 25.0)": 336262.7053131209, "(0.1, 0.1, 6.61247709355048, 25.0)": 335775.4839861748, "(0.7353181754910804, 0.1, 6.670953820983872, 5.0)": 329486.80876260257, "(5.870867579245069, 0.1, 6.445607021439399, 5.0)": 333028.7945062368, "(0.1, 0.1, 5.925099492164332, 5.0)": 328516.8035065667, "(0.1, 8.0, 5.087782123358526, 5.0)": 329744.73191512574, "(0.1, 8.0, 6.07791548560655, 5.0)": 333966.5910970594, "(0.1, 5.359837659107012, 4.681481013252167, 5.0)": 326774.07598868327, "(0.1, 5.205460697378543, 4.653252545052288, 5.0)": 326650.49749507825, "(0.1, 4.867826795825982, 4.587152802014204, 5.0)": 326993.1414287506, "(0.1, 5.824597504216545, 4.408473300604726, 5.0)": 328154.60957198474, "(0.1, 4.845730051000846, 4.805193391178184, 5.0)": 326714.8042851077, "(0.1, 4.437328956358994, 4.832775445249209, 5.0)": 326951.2689635234, "(0.1, 5.181778418007493, 4.7579597004363325, 5.0)": 326906.70910461457, "(0.1, 4.301710961029085, 4.839803574838131, 5.0)": 326641.40368804237, "(0.1, 3.652806698720644, 4.752186584399808, 5.0)": 326565.83083637274, "(0.1, 3.2126752521839035, 4.755819765810573, 5.0)": 325106.4609032695, "(0.1, 0.1, 4.740143039691427, 5.0)": 329537.32163361}