{
  "incline_weight": 0.1,
  "max_incline_weight": 0.1,
  "distance_weight": 6.033896859128443,
  "zero_start_weight": 7.502814583542664
}