{"(2.2845804889825976, 0.889801834962223, 5.296244459829336, 15.005629167085328)": 334378.3416643088, "(4.003060635615142, 1.5491348399426943, 6.8209331618101, 17.946012462974196)": 336104.22189880087, "(2.2845804889825976, 0.889801834962223, 5.105966165763114, 13.34177602771059)": 332658.5913877202, "(0.8000474078175099, 5.242018936295938, 2.950030105685218, 20.13576097234985)": 338214.42003683804, "(4.698908274177177, 0.10615225014401321, 7.958317217307041, 18.307003048732806)": 337484.67880393326, "(3.097100486392577, 0.15582381123576752, 2.7715495098180805, 16.684894115942104)": 345582.0433829819, "(2.0593187614047523, 0.468658739387562, 7.8595427447001835, 11.57565788668901)": 336118.901215674, "(0.543971529210822, 4.985249473731391, 4.695012058879968, 24.70658769969163)": 337705.9119672168, "(2.3871381769151023, 6.893529213216934, 6.289045022504077, 15.385283525229092)": 335043.6529034161, "(0.164998309683346, 7.5433938699103384, 5.662771921153194, 14.246518591046076)": 337932.31221929606, "(0.17823463587904959, 1.9240612224149776, 3.9380610635637376, 19.458003060732793)": 339475.37999225484, "(1.4620741813367732, 1.98436667604382, 2.8215923126062874, 15.45149786070635)": 340055.0644260008, "(3.4255531042033884, 8.0, 5.319141650044472, 7.502814583542664)": 335215.4887712201, "(0.1, 8.0, 8.0, 25.0)": 338313.2377959043, "(5.0, 0.1, 5.624760742563721, 25.0)": 336349.9907242878, "(2.3297969741541147, 8.0, 4.85734324191741, 25.0)": 337295.3563332446, "(2.1828146859085047, 3.8116302444076067, 5.324467887027907, 7.502814583542664)": 332216.78611697926, "(2.114342056687352, 0.1, 5.315943430151187, 7.502814583542664)": 331369.47657540895, "(1.841540675180195, 0.1, 5.242541414361251, 7.502814583542664)": 330340.32038452476, "(1.8098973314558602, 0.1, 5.231766456575663, 7.502814583542664)": 330040.02909069194, "(1.6814624534032492, 0.1, 5.170268310255739, 7.502814583542664)": 330745.4257497197, "(1.5830437375049853, 0.1, 5.453809449863035, 7.502814583542664)": 329855.15804093576, "(1.4078986004885734, 0.1, 5.510534832391929, 7.804908685260982)": 329469.68169585004, "(1.2180137659901547, 0.1, 5.596200132389823, 7.757836833989526)": 330036.9207606854, "(1.5317955653732762, 0.1, 5.538617227188418, 8.963803558702757)": 331363.1895528152, "(1.0267866140694786, 0.1, 5.359793751531379, 7.502814583542664)": 329721.9843011296, "(1.047280076046376, 0.1, 5.612744281724366, 7.502814583542664)": 329777.02305620245, "(0.9913526437824584, 0.1, 5.220549679206265, 7.502814583542664)": 330322.50667977973, "(1.287327389629412, 0.1, 5.785043543777283, 7.502814583542664)": 330146.5871630717, "(0.1, 0.1, 6.033896859128443, 7.502814583542664)": 328673.70115575136}